Session ID (Optional),Session Name (Optional),Link To Session ID (Optional),Link To Session Name (Optional),Link To Custom List Item ID (Optional),Link To Custom List Item Name (Optional),Link To Form Name (Optional),Link To URLs (Optional),URL Names (Optional)
16163296,,,,8137834,,,,
16163296,,,,8137833,,,,
16163296,,,,8137832,,,,
16163296,,,,8137831,,,,
16163296,,,,8137830,,,,
16163295,,,,8137829,,,,
16163295,,,,8137828,,,,
16163295,,,,8137827,,,,
16163295,,,,8137826,,,,
16163295,,,,8137825,,,,
16163294,,,,8137824,,,,
16163294,,,,8137823,,,,
16163294,,,,8137822,,,,
16163294,,,,8137821,,,,
16163294,,,,8137820,,,,
16163294,,,,8137819,,,,
16163293,,,,8137818,,,,
16163293,,,,8137817,,,,
16163293,,,,8137816,,,,
16163293,,,,8137815,,,,
16163293,,,,8137814,,,,
16163293,,,,8137813,,,,
16163292,,,,8137812,,,,
16163292,,,,8137811,,,,
16163292,,,,8137810,,,,
16163292,,,,8137809,,,,
16163292,,,,8137808,,,,
16163291,,,,8137807,,,,
16163291,,,,8137806,,,,
16163291,,,,8137805,,,,
16163291,,,,8137804,,,,
16163291,,,,8137803,,,,
16163290,,,,8137802,,,,
16163290,,,,8137801,,,,
16163290,,,,8137800,,,,
16163290,,,,8137799,,,,
16163290,,,,8137798,,,,
16163289,,,,8137797,,,,
16163289,,,,8137796,,,,
16163289,,,,8137795,,,,
16163289,,,,8137794,,,,
16163289,,,,8137793,,,,
16163288,,,,8137792,,,,
16163288,,,,8137791,,,,
16163288,,,,8137790,,,,
16163288,,,,8137789,,,,
16163288,,,,8137788,,,,
16163287,,,,8137787,,,,
16163287,,,,8137786,,,,
16163287,,,,8137785,,,,
16163287,,,,8137784,,,,
16163287,,,,8137783,,,,
16163286,,,,8137782,,,,
16163286,,,,8137781,,,,
16163286,,,,8137780,,,,
16163286,,,,8137779,,,,
16163286,,,,8137778,,,,
16163285,,,,8137777,,,,
16163285,,,,8137776,,,,
16163285,,,,8137775,,,,
16163285,,,,8137774,,,,
16163285,,,,8137773,,,,
16163284,,,,8137772,,,,
16163284,,,,8137771,,,,
16163284,,,,8137770,,,,
16163284,,,,8137769,,,,
16163284,,,,8137768,,,,
16163283,,,,8137767,,,,
16163283,,,,8137766,,,,
16163283,,,,8137765,,,,
16163283,,,,8137764,,,,
16163283,,,,8137763,,,,
16163282,,,,8137762,,,,
16163282,,,,8137761,,,,
16163282,,,,8137760,,,,
16163282,,,,8137759,,,,
16163282,,,,8137758,,,,
16163281,,,,8137757,,,,
16163281,,,,8137756,,,,
16163281,,,,8137755,,,,
16163281,,,,8137754,,,,
16163281,,,,8137753,,,,
16163280,,,,8137752,,,,
16163280,,,,8137751,,,,
16163280,,,,8137750,,,,
16163280,,,,8137749,,,,
16163280,,,,8137748,,,,
16163279,,,,8137747,,,,
16163279,,,,8137746,,,,
16163279,,,,8137745,,,,
16163279,,,,8137744,,,,
16163279,,,,8137743,,,,
16163278,,,,8137742,,,,
16163278,,,,8137741,,,,
16163278,,,,8137740,,,,
16163278,,,,8137739,,,,
16163278,,,,8137738,,,,
16163277,,,,8137737,,,,
16163277,,,,8137736,,,,
16163277,,,,8137735,,,,
16163277,,,,8137734,,,,
16163277,,,,8137733,,,,
16163276,,,,8137732,,,,
16163276,,,,8137731,,,,
16163276,,,,8137730,,,,
16163276,,,,8137729,,,,
16163276,,,,8137728,,,,
16163275,,,,8137727,,,,
16163275,,,,8137726,,,,
16163275,,,,8137725,,,,
16163275,,,,8137724,,,,
16163275,,,,8137723,,,,
16163274,,,,8137722,,,,
16163274,,,,8137721,,,,
16163274,,,,8137720,,,,
16163274,,,,8137719,,,,
16163274,,,,8137718,,,,
16163273,,,,8137717,,,,
16163273,,,,8137716,,,,
16163273,,,,8137715,,,,
16163273,,,,8137714,,,,
16163273,,,,8137713,,,,
16163272,,,,8137712,,,,
16163272,,,,8137711,,,,
16163272,,,,8137710,,,,
16163272,,,,8137709,,,,
16163272,,,,8137708,,,,
16163271,,,,8137707,,,,
16163271,,,,8137706,,,,
16163271,,,,8137705,,,,
16163271,,,,8137704,,,,
16163271,,,,8137703,,,,
16163270,,,,8137702,,,,
16163270,,,,8137701,,,,
16163270,,,,8137700,,,,
16163270,,,,8137699,,,,
16163270,,,,8137698,,,,
16163269,,,,8137697,,,,
16163269,,,,8137696,,,,
16163269,,,,8137695,,,,
16163269,,,,8137694,,,,
16163269,,,,8137693,,,,
16163268,,,,8137692,,,,
16163268,,,,8137691,,,,
16163268,,,,8137690,,,,
16163268,,,,8137689,,,,
16163268,,,,8137688,,,,
16163267,,,,8137687,,,,
16163267,,,,8137686,,,,
16163267,,,,8137685,,,,
16163267,,,,8137684,,,,
16163267,,,,8137683,,,,
16163266,,,,8137682,,,,
16163266,,,,8137681,,,,
16163266,,,,8137680,,,,
16163266,,,,8137679,,,,
16163266,,,,8137678,,,,
16163265,,,,8137677,,,,
16163265,,,,8137676,,,,
16163265,,,,8137675,,,,
16163265,,,,8137674,,,,
16163265,,,,8137673,,,,
16163264,,,,8137672,,,,
16163264,,,,8137671,,,,
16163264,,,,8137670,,,,
16163264,,,,8137669,,,,
16163264,,,,8137668,,,,
16163263,,,,8137667,,,,
16163263,,,,8137666,,,,
16163263,,,,8137665,,,,
16163263,,,,8137664,,,,
16163263,,,,8137663,,,,
